model,k,users_eval,hitrate@k,precision@k,recall@k,ndcg@k,coverage@k
rec_redis,10,173,0.0,0.0,0.0,0.0,0.0
rec_model,10,173,0.0,0.0,0.0,0.0,0.0
rec_mostpop,10,173,0.5722543352601156,0.058381502890173395,0.569364161849711,0.49223415704289986,0.03614457831325301
rec_random,10,173,0.005780346820809248,0.0005780346820809249,0.002890173410404624,0.0035442034263899326,0.9759036144578314
