model,k,users_eval,hitrate@k,precision@k,recall@k,ndcg@k,coverage@k
rec_redis,10,137,0.0,0.0,0.0,0.0,0.0
rec_model,10,137,0.0,0.0,0.0,0.0,0.0
rec_mostpop,10,137,0.583941605839416,0.2518248175182482,0.583941605839416,0.5324104181699711,1.0
rec_random,10,137,0.583941605839416,0.2518248175182482,0.583941605839416,0.4303868317779057,1.0
