model,k,users_eval,hitrate@k,precision@k,recall@k,ndcg@k,coverage@k
rec_redis,10,1878,0.0,0.0,0.0,0.0,0.0
rec_model,10,1878,0.0,0.0,0.0,0.0,0.0
rec_mostpop,10,1878,0.7060702875399361,0.0928115015974441,0.5413116790912318,0.5767042048312029,0.0783132530120482
rec_random,10,1878,0.019701810436634718,0.001970181043663472,0.01122648207312744,0.004878244164963165,1.0
