model,k,users_eval,hitrate@k,precision@k,recall@k,ndcg@k,coverage@k
rec_redis,32,1889,0.0,0.0,0.0,0.0,0.0
rec_model,32,1889,0.22181048173636844,0.008503176283748014,0.04300858984554061,0.024069625511277833,0.968
rec_mostpop,32,1889,0.38009528851244045,0.01737030174695606,0.08454251912430842,0.04696260194342618,0.088
rec_random,32,1889,0.3536262572789836,0.013532292218104817,0.06901686337895972,0.037773440906095884,1.0
