model,k,users_eval,hitrate@k,precision@k,recall@k,ndcg@k,coverage@k
rec_redis,32,1884,0.0,0.0,0.0,0.0,0.0
rec_model,32,1884,0.01592356687898089,0.0005805467091295117,0.005075339093467253,0.002199394742876572,0.968
rec_mostpop,32,1884,0.291932059447983,0.011046974522292993,0.07965739583074415,0.03842455824619187,0.074
rec_random,32,1884,0.25583864118895966,0.009156050955414012,0.06363842519913158,0.03122485361046146,1.0
