model,k,users_eval,hitrate@k,precision@k,recall@k,ndcg@k,coverage@k
rec_redis,32,1889,0.0,0.0,0.0,0.0,0.0
rec_model,32,1889,0.024880889359449446,0.0011911064055055585,0.00740061021761396,0.0031002817662920614,0.956
rec_mostpop,32,1889,0.23451561672842774,0.008437003705664373,0.07137664418158299,0.032653316366040616,0.072
rec_random,32,1889,0.2154579142403388,0.007940709370037057,0.06313089056706735,0.028771489705734607,1.0
