model,k,users_eval,hitrate@k,precision@k,recall@k,ndcg@k,coverage@k
rec_redis,32,1674,0.0,0.0,0.0,0.0,0.0
rec_model,32,1674,0.03643966547192354,0.0011760752688172043,0.021256471525288728,0.006779044734674368,0.956
rec_mostpop,32,1674,0.15352449223416964,0.005152329749103943,0.0813079592649485,0.029202922871564122,0.072
rec_random,32,1674,0.11947431302270012,0.003957586618876942,0.05793508562325766,0.021178386907602053,1.0
